{
  "/gallery/02475632-228B-4374-AE65-04761CDAB06A_1_105_c.jpg": {
    "h": 58.52915053114015,
    "s": 0.12256904224836905,
    "l": 0.6397772549019607
  },
  "/gallery/1076C72E-F12E-4298-80BA-C0BA720A7225_1_105_c.jpg": {
    "h": 21.66504018023879,
    "s": 0.8080918552462054,
    "l": 0.24167607843137257
  },
  "/gallery/1A65FB89-33D2-42A1-B686-7678ED6A4CE8_1_102_o.jpg": {
    "h": 70.26039134152677,
    "s": 0.09696730253648811,
    "l": 0.48240235294117645
  },
  "/gallery/28DF3FA7-0AE7-4803-A614-2C2DAC62BEAA_1_105_c.jpg": {
    "h": 0,
    "s": 0,
    "l": 0.33415529411764705
  },
  "/gallery/2E919E1A-D3D2-4A60-B541-1C6ED4CE1D81_1_105_c.jpg": {
    "h": 66.21558750188277,
    "s": 0.1295146317092255,
    "l": 0.3618517647058824
  },
  "/gallery/2E9D6F83-E141-472D-BD13-7D38E313532A_1_105_c.jpg": {
    "h": 89.89451573131196,
    "s": 0.08051961422357529,
    "l": 0.5733788235294117
  },
  "/gallery/369E4282-DD6E-4E12-8658-560F0449D834_1_102_o.jpg": {
    "h": 63.4445298980965,
    "s": 0.0995032172898239,
    "l": 0.4919498039215686
  },
  "/gallery/48A0019E-F98B-4503-AA1D-4A8ABDD03463_1_105_c.jpg": {
    "h": 120.14197716346152,
    "s": 0.062283607508468515,
    "l": 0.3352658823529412
  },
  "/gallery/4E883D74-9D2E-4B75-9FAC-4F0985131620_1_102_a.jpg": {
    "h": 38.59796410956029,
    "s": 0.2638543249445342,
    "l": 0.4532031372549019
  },
  "/gallery/50068D5C-B7B1-40E0-A2D4-E5AD14DEF4A5_1_102_o.jpg": {
    "h": 31.50997468072676,
    "s": 0.06678583971472792,
    "l": 0.42208078431372553
  },
  "/gallery/53D62F3B-3F5C-4C79-9B01-891EBD489366_1_102_o.jpg": {
    "h": 65.33429470372309,
    "s": 0.075719423865317,
    "l": 0.5259278431372549
  },
  "/gallery/53EBB4E0-DBDF-41CA-B0AE-04C45E7D8156_1_102_o.jpg": {
    "h": 17.474471252033645,
    "s": 0.5327529081025258,
    "l": 0.6172290196078432
  },
  "/gallery/5D32E1FF-B757-4674-BAD5-2E278DF5B21D_1_102_o.jpg": {
    "h": 47.856239030164495,
    "s": 0.2820937971374947,
    "l": 0.1362305882352941
  },
  "/gallery/642DDD36-744D-41A6-B260-4187AC233F45_1_102_a.jpg": {
    "h": 138.02290922527408,
    "s": 0.09335467417275503,
    "l": 0.6589435294117647
  },
  "/gallery/68810E3F-9FB5-44DF-84B0-157364607CAA_1_102_o.jpg": {
    "h": 102.7663659636718,
    "s": 0.10699134926095365,
    "l": 0.5189349019607843
  },
  "/gallery/739AB60F-98B4-49DC-B7BE-41ABDB892C98_1_105_c.jpg": {
    "h": 56.6043050632614,
    "s": 0.16616350729386076,
    "l": 0.597835294117647
  },
  "/gallery/7519EA92-59CB-4DC6-ADFC-776D02401CCC_1_102_o.jpg": {
    "h": 42.02389806138134,
    "s": 0.26074197287735335,
    "l": 0.18200549019607842
  },
  "/gallery/7D64FDCD-8932-481F-AC2C-ABB845C30AC1_1_105_c.jpg": {
    "h": 40.544494995450414,
    "s": 0.19386955877475853,
    "l": 0.1111521568627451
  },
  "/gallery/7E0A4D3E-76C3-4AB8-AA9F-C440BCC4679B_1_102_o.jpg": {
    "h": 66.50819160929737,
    "s": 0.07965264575790283,
    "l": 0.4104980392156863
  },
  "/gallery/8664244A-D789-4F23-A93F-0FA8F6EC5E5F_1_105_c.jpg": {
    "h": 41.200148388793046,
    "s": 0.4850535194240482,
    "l": 0.44894823529411765
  },
  "/gallery/8A70E011-93F8-4D2D-9D2B-513943267FD6_1_105_c.jpg": {
    "h": 137.3590829439252,
    "s": 0.05482215622072974,
    "l": 0.6081160784313726
  },
  "/gallery/8FD218C2-D406-41C3-BCB2-FAD2C551AD47_1_105_c.jpg": {
    "h": 169.50188679245286,
    "s": 0.34889079059969724,
    "l": 0.1429741176470588
  },
  "/gallery/902A69E9-53A5-4584-B3D3-999BF63D1FFA_1_102_o.jpg": {
    "h": 55.455282524635166,
    "s": 0.1365775542276946,
    "l": 0.6316909803921569
  },
  "/gallery/909CF4C6-E0C0-4BE1-8101-FB4869B3C492_1_102_o.jpg": {
    "h": 53.79924660492346,
    "s": 0.366193965592985,
    "l": 0.3570635294117647
  },
  "/gallery/ABE5C455-5B8A-4967-AF1C-0337F11BB00D_1_105_c.jpg": {
    "h": 68.03694209123475,
    "s": 0.11961432943235842,
    "l": 0.38622823529411765
  },
  "/gallery/AEA377F8-F5EA-490C-9C38-D2D138B184FE_1_102_a.jpg": {
    "h": 58.43681173157883,
    "s": 0.17933513656748865,
    "l": 0.6862572549019608
  },
  "/gallery/AKGL Portage Glacier_-16.jpg": {
    "h": 205.33397447106145,
    "s": 0.13134218670157494,
    "l": 0.7267905882352941
  },
  "/gallery/B4E03B11-3B00-4E69-A857-6A6F73653E3E_1_102_a.jpg": {
    "h": 106.2657668140563,
    "s": 0.04019291100688998,
    "l": 0.41925254901960785
  },
  "/gallery/Brenden Cub_1.8.1.jpg": {
    "h": 191.38081395348837,
    "s": 0.13599041741942375,
    "l": 0.396798431372549
  },
  "/gallery/C8B7D7A5-97B3-40BA-B128-8345AEE82601_1_102_a.jpg": {
    "h": 157.70606340993635,
    "s": 0.12184919387682314,
    "l": 0.6591286274509804
  },
  "/gallery/CB215ED8-09E8-4C71-9F33-D318F186B64F_1_201_a.jpg": {
    "h": 167.92992850847128,
    "s": 0.18761598530087267,
    "l": 0.6585098039215687
  },
  "/gallery/Color Test 2 _1.19.1.jpg": {
    "h": 208.6705117449664,
    "s": 0.3251522446279639,
    "l": 0.2300219607843137
  },
  "/gallery/Color Test _2.7.1.jpg": {
    "h": 34.56264353720259,
    "s": 0.17653680982802525,
    "l": 0.19925411764705886
  },
  "/gallery/D3E597AD-A382-4CAF-9D9A-671B93F22E81_1_105_c.jpg": {
    "h": 124.79781207267045,
    "s": 0.059166422660235245,
    "l": 0.5928533333333333
  },
  "/gallery/E049DA4F-E1FB-4751-9FD4-62D8815F6F12_1_102_o.jpg": {
    "h": 168.83821042381996,
    "s": 0.09542664786574187,
    "l": 0.5188666666666667
  },
  "/gallery/E7DEA7B1-E32B-44A5-94C0-A0627ABB41CD_1_105_c.jpg": {
    "h": 24.383776792313384,
    "s": 0.6446246538358462,
    "l": 0.15803450980392156
  },
  "/gallery/EE3DED71-B892-469A-8DE4-FAE62DF9E446_1_105_c.jpg": {
    "h": 63.04844039277261,
    "s": 0.06767341799052559,
    "l": 0.5054564705882353
  },
  "/gallery/F38BAC68-77A7-4F56-B93A-B8E024C25114_1_105_c.jpg": {
    "h": 150.52880155182592,
    "s": 0.07149245601940711,
    "l": 0.39023450980392155
  },
  "/gallery/F3995686-27FD-4307-93D1-8451F39643F4_1_105_c.jpg": {
    "h": 139.60411180018687,
    "s": 0.06855575336003371,
    "l": 0.4039992156862745
  },
  "/gallery/IMG_1132.jpg": {
    "h": 106.82607648459872,
    "s": 0.12178603438442107,
    "l": 0.5187058823529411
  },
  "/gallery/IMG_5185.jpg": {
    "h": 2.525890891299064,
    "s": 0.10788483955396225,
    "l": 0.3566039215686274
  },
  "/gallery/IMG_5189.jpg": {
    "h": 167.68200701810994,
    "s": 0.0456969180891083,
    "l": 0.4255317647058824
  },
  "/blog/DSCF4458.jpg": {
    "h": 59.70962113659021,
    "s": 0.07887080286231032,
    "l": 0.5212423529411765
  },
  "/blog/DSCF4476.jpg": {
    "h": 61.617970628869735,
    "s": 0.06797234221637906,
    "l": 0.5489976470588236
  },
  "/blog/DSCF4481.jpg": {
    "h": 104.93798712300921,
    "s": 0.05663737875071499,
    "l": 0.5913458823529412
  },
  "/blog/DSCF4486.jpg": {
    "h": 137.00955593029792,
    "s": 0.06214764453124358,
    "l": 0.528523137254902
  },
  "/blog/DSCF4501.jpg": {
    "h": 145.05816521867172,
    "s": 0.09959230363113732,
    "l": 0.679115294117647
  },
  "/blog/DSCF4506.jpg": {
    "h": 142.16484318016043,
    "s": 0.095464230506775,
    "l": 0.6620847058823529
  },
  "/blog/DSCF4515.jpg": {
    "h": 164.54626381106982,
    "s": 0.12970421435120727,
    "l": 0.6535647058823528
  },
  "/blog/DSCF4520.jpg": {
    "h": 152.2018229729146,
    "s": 0.10126953295886043,
    "l": 0.6414305882352942
  },
  "/blog/DSCF4530.jpg": {
    "h": 155.05558993619428,
    "s": 0.09299275084785098,
    "l": 0.604767843137255
  },
  "/blog/DSCF4536.jpg": {
    "h": 95.64774157889887,
    "s": 0.06568456804938985,
    "l": 0.6111301960784314
  },
  "/blog/DSCF4549.jpg": {
    "h": 144.64180501952538,
    "s": 0.0785327544123002,
    "l": 0.5626752941176472
  },
  "/blog/DSCF4555.jpg": {
    "h": 83.60286860977685,
    "s": 0.05405530363652525,
    "l": 0.5589411764705883
  },
  "/blog/DSCF4560.jpg": {
    "h": 113.79962099771127,
    "s": 0.08980799791354942,
    "l": 0.6451427450980393
  },
  "/blog/DSCF4570.jpg": {
    "h": 156.69197789142,
    "s": 0.10965476224192135,
    "l": 0.5846
  },